document_id,filename,relative_path,era,source_type,title,author,page_count,created_at
8c8c273d-071c-56c0-a66a-af5d7745a6dd,ancient_001.pdf,books/Ancient_Egypt/ancient_001.pdf,Ancient Egypt,book,A history of Egypt from the earliest times to the Persian conquest,"Breasted, James Henry, 1865-1935",830,2026-07-30T15:10:01.251744+00:00
d98d2e3c-7602-5e7c-9623-0fb546555f19,ancient_002.pdf,books/Ancient_Egypt/ancient_002.pdf,Ancient Egypt,book,A History of the Ancient Egyptians,James Henry Breasted,510,2026-07-30T15:10:10.564143+00:00
e443c90d-f3d1-5f0e-bd70-eca538d0a935,contemporary_001.pdf,books/Contemporary_Egypt/contemporary_001.pdf,Contemporary Egypt,book,The Yom Kippur War: The Epic Encounter That Transformed the Middle East,Abraham Rabinovich,620,2026-07-30T15:10:10.736042+00:00
d658cc25-a717-5761-9b54-1c98555a1c00,contemporary_002.pdf,books/Contemporary_Egypt/contemporary_002.pdf,Contemporary Egypt,book,The Crossing of the Suez,Saad el Shazly,166,2026-07-30T15:10:10.829771+00:00
ba87f696-8b3d-5573-939b-5c798a73c878,coptic_001.pdf,books/Coptic_Egypt/coptic_001.pdf,Coptic Egypt,book,The ancient Coptic churches of Egypt,Alfred Joshua Butler,412,2026-07-30T15:10:10.970962+00:00
44359198-3a5b-55c3-b3e7-f034fab6c9aa,coptic_002.pdf,books/Coptic_Egypt/coptic_002.pdf,Coptic Egypt,book,The ancient Coptic churches of Egypt,"Butler, Alfred J. (Alfred Joshua), 1850-1936",431,2026-07-30T15:10:11.259633+00:00
da61b54d-2753-53c4-a36e-e0ae5a711197,coptic_003.pdf,books/Coptic_Egypt/coptic_003.pdf,Coptic Egypt,book,The Story of the Copts: The True Story of Christianity in Egypt,Iris Habib el Masri,371,2026-07-30T15:10:11.365145+00:00
2190be39-be6f-5e93-b1a7-9875a24845e4,greco_001.pdf,books/Greco_Roman_Egypt/greco_001.pdf,Greco Roman Egypt,book,The history of Egypt under the Ptolemies,"Sharpe, Samuel, 1799-1881",238,2026-07-30T15:10:11.486294+00:00
4ac34eee-e4e3-5794-b941-40bbee8dae58,greco_002.pdf,books/Greco_Roman_Egypt/greco_002.pdf,Greco Roman Egypt,book,Unique Sources in an Unusual Setting,Katelijn Vandorpe,12,2026-07-30T15:10:11.517543+00:00
2377a5a0-f698-56f9-8855-6e8fa70d8b40,islamic_001.pdf,books/Islamic_Egypt/islamic_001.pdf,Islamic Egypt,book,"Ayyubid Jerusalem: The Holy City in Context, 1187-1250",Robert Hillenbrand; Sylvia Auld (eds.),29,2026-07-30T15:10:11.568542+00:00
c36a421e-02c0-5238-b8fd-476393ae1355,islamic_002.pdf,books/Islamic_Egypt/islamic_002.pdf,Islamic Egypt,book,Battles of the medieval world 1000-1500 : from Hastings to Constantinople,"DeVries, Kelly",232,2026-07-30T15:10:11.923348+00:00
c689a934-ea78-55c5-8db4-62a2f689efba,islamic_003.pdf,books/Islamic_Egypt/islamic_003.pdf,Islamic Egypt,book,The history of the crusades,"Michaud, J. Fr. (Joseph Fr.), 1767-1839; Robson, William, 1785-1863; Mabie, Hamilton W",548,2026-07-30T15:10:12.470119+00:00
aab1ad06-1698-5abd-91e1-7c530ea6b32a,islamic_004.pdf,books/Islamic_Egypt/islamic_004.pdf,Islamic Egypt,book,Saladin and the Fall of the Kingdom of Jerusalem,"Stanley Lane-Poole, M.A.",518,2026-07-30T15:10:13.298344+00:00
16b5676e-0454-58dd-8ed9-f4e3e9aa54d3,islamic_005.pdf,books/Islamic_Egypt/islamic_005.pdf,Islamic Egypt,book,Salah Ad-Din Al-Ayyubi (Saladin): Hero of the Battle of Hattin and Liberator of Jerusalem from Crusaders,'Abdullah Nasih 'Ulwan,212,2026-07-30T15:10:13.407332+00:00
0e966e00-cecb-534e-a6da-ff9320c9a56a,islamic_006.pdf,books/Islamic_Egypt/islamic_006.pdf,Islamic Egypt,book,The Crusade of Richard Lion-Heart,Ambroise,503,2026-07-30T15:10:13.924064+00:00
42e5422e-dd4b-5770-939c-0ef4abed8f94,islamic_007.pdf,books/Islamic_Egypt/islamic_007.pdf,Islamic Egypt,book,The crusades; the story of the Latin kingdom of Jerusalem,"Archer, Thomas Andrew; Kingsford, Charles Lethbridge, 1862-1926",508,2026-07-30T15:10:14.360638+00:00
972fc2e1-a6d7-5d92-8f19-1470dc723d0d,islamic_008.pdf,books/Islamic_Egypt/islamic_008.pdf,Islamic Egypt,book,The Crusades,"Cox, George W. (George William), 1827-1902",258,2026-07-30T15:10:14.544611+00:00
8e73fdd4-14f5-518c-a50e-ba3bc732175e,modern_002.pdf,books/Modern_Egypt/modern_002.pdf,Modern Egypt,book,"The Era of Muhammad 'Ali Pasha, 1805-1848",Khaled Fahmy,41,2026-07-30T15:10:14.751888+00:00
7a02f46f-045f-5ba0-ab27-baef96121d37,modern_011.pdf,books/Modern_Egypt/modern_011.pdf,Modern Egypt,book,"Egypt and Mohammed Ali; Or, Travels in the Valley of the Nile",James Augustus St. John,591,2026-07-30T15:10:14.938840+00:00
e2c7f1d1-80bf-574b-be5b-a894564c3541,1973_A_Global_Paradigm_Shift.pdf,research_papers/Contemporary_Egypt/1973_A_Global_Paradigm_Shift.pdf,Contemporary Egypt,research_paper,1973 – A Global Paradigm Shift,Nabil Fahmy,11,2026-07-30T15:10:15.001930+00:00
b9255404-2c75-5d7a-9da5-452215e7f5af,Memoires_of_a_Soldier.pdf,research_papers/Contemporary_Egypt/Memoires_of_a_Soldier.pdf,Contemporary Egypt,research_paper,October 1973: Memoires of a Soldier and Scholar,Abdelmonem Said Aly,10,2026-07-30T15:10:15.033176+00:00
6717c97f-d510-55e1-98b4-66d5be483e3c,Sadat_as_Supreme_Commander.pdf,research_papers/Contemporary_Egypt/Sadat_as_Supreme_Commander.pdf,Contemporary Egypt,research_paper,Sadat as Supreme Commander,Amr Yossef,25,2026-07-30T15:10:15.095556+00:00
5997e4e3-6f0b-5e86-8328-b07d4317aff9,Strategic_Deception_in_the_October_War.pdf,research_papers/Contemporary_Egypt/Strategic_Deception_in_the_October_War.pdf,Contemporary Egypt,research_paper,Strategic Deception in the October War,Egyptian Center for Strategic Studies (ECSS),8,2026-07-30T15:10:15.126807+00:00
